text,summary
"Artificial Intelligence (AI) is rapidly transforming various industries by automating repetitive tasks, improving efficiency, and enabling data-driven decision-making. Businesses are increasingly integrating AI-driven solutions to optimize workflows and reduce operational costs.",Artificial Intelligence (AI) is rapidly transforming various industries. Businesses are increasingly integrating AI-driven solutions to optimize workflows and reduce operational costs.
"Many companies today rely on AI-powered tools to enhance their decision-making processes. By analyzing large volumes of data, AI models help businesses identify trends, make accurate predictions, and develop more effective strategies for market growth.","Many companies today rely on AI-powered tools to enhance their decision-making processes. By analyzing large volumes of data, AI models help businesses identify trends, make accurate predictions, and develop more effective strategies."
"The healthcare industry has embraced AI to improve patient care and medical diagnostics. AI-driven algorithms can analyze medical images, detect diseases early, and assist doctors in providing accurate treatment plans, ultimately leading to better healthcare outcomes.","The healthcare industry has embraced AI to improve patient care and medical diagnostics. AI-driven algorithms can analyze medical images, detect diseases early and assist doctors in providing accurate treatment plans."
"Self-driving cars, a major innovation in the automotive industry, rely on AI and machine learning to navigate roads safely. By processing real-time sensor data, these vehicles can make split-second driving decisions, reducing the risk of accidents and enhancing transportation efficiency.","Self-driving cars rely on AI and machine learning to navigate roads safely. By processing real-time sensor data, these vehicles can make split-second driving decisions."
"AI-powered chatbots are revolutionizing customer service by providing instant responses and handling a wide range of inquiries. These chatbots use natural language processing (NLP) to understand user queries and deliver accurate information, reducing the workload on human agents.", AI-powered chatbots are revolutionizing customer service by providing instant responses. These chatbots use natural language processing (NLP) to understand user queries and deliver accurate information.
"The education sector is leveraging AI to create personalized learning experiences for students. AI-based platforms analyze student progress, adapt teaching methods, and recommend customized study materials to enhance learning outcomes and engagement.","The education sector is leveraging AI to create personalized learning experiences for students. AI-based platforms analyze student progress, adapt teaching methods, and recommend customized study materials."
"In manufacturing, robotic automation powered by AI is reducing human labor costs while increasing productivity. Automated assembly lines, quality control systems, and predictive maintenance algorithms help manufacturers streamline operations and minimize downtime.","In manufacturing, robotic automation powered by AI is reducing human labor costs while increasing productivity. Automated assembly lines, quality control systems, and predictive maintenance algorithms help manufacturers streamline operations and minimize downtime."
"Fraud detection in banking has become more effective with AI-driven models. These models analyze transaction patterns in real time, identify anomalies, and detect fraudulent activities, helping financial institutions safeguard customer assets.","Fraud detection in banking has become more effective with AI-driven models. These models analyze transaction patterns in real time, identify anomalies, and detect fraudulent activities."
"Voice assistants such as Siri, Alexa, and Google Assistant use AI-powered natural language processing to understand and respond to user commands. These virtual assistants perform tasks, answer questions, and provide a seamless hands-free experience for users.","Siri, Alexa, and Google Assistant use AI-powered natural language processing to understand and respond to user commands. These virtual assistants perform tasks, answer questions, and provide a seamless hands-free experience for users."
"Predictive analytics is helping businesses forecast customer preferences by analyzing past behaviors and market trends. Companies leverage these insights to tailor marketing campaigns, improve product offerings, and enhance customer satisfaction.","Predictive analytics is helping businesses forecast customer preferences. Companies leverage these insights to tailor marketing campaigns, improve product offerings, and enhance customer satisfaction."
